n,aos_median_seconds,soa_median_seconds,speedup_x,equivalent
10000,0.08136580599239096,0.0014138410042505711,57.549473913808434,1.0
50000,0.40088370500598103,0.005381843002396636,74.48818273358401,1.0
100000,0.8460857909958577,0.011019202007446438,76.7828550945975,1.0
250000,2.1869937040028162,0.0406731539987959,53.76995607637315,1.0
